Age,Salary,Experience
50,69127,13
36,80397,2
29,65851,0
42,41016,4
40,64253,25
44,95591,13
32,64276,38
32,63247,26
45,64300,8
57,48529,14
45,57262,14
24,49268,25
43,61271,12
23,52185,31
45,61243,38
51,79099,31
59,48571,3
23,97836,29
42,79976,36
54,78044,22
33,91214,38
43,89216,14
46,88984,28
48,80774,35
49,42568,12
37,94615,31
36,42027,6
24,42695,21
58,98839,27
28,88190,1
42,45258,5
30,62002,27
39,79504,27
25,73159,19
46,53986,29
35,52666,10
30,78660,27
47,43561,24
23,66854,38
41,78952,32
49,92251,0
28,62662,26
29,48392,12
56,70535,2
35,53067,38
38,88033,5
57,92256,7
25,63599,26
23,75222,8
27,51837,36
25,54039,32
50,98148,23
39,70818,14
47,59115,31
55,50965,31
31,64538,23
57,82530,11
35,45056,38
52,72482,1
36,87716,2
